State,Account Length,Area Code,Phone,Int'l Plan,VMail Plan,VMail Message,Day Mins,Day Calls,Day Charge,Eve Mins,Eve Calls,Eve Charge,Night Mins,Night Calls,Night Charge,Intl Mins,Intl Calls,Intl Charge,CustServ Calls,Churn?
IN,1,415,329-6603,no,no,0,1.0,3,21.95,2.0,1,19.42,2.0,2,9.4,3.0,3,3.43,4,True.
NY,3,415,351-7269,no,no,0,3.0,1,56.59,3.0,2,27.01,1.0,3,7.23,1.0,3,1.46,4,True.
CO,2,408,393-7984,no,no,0,1.0,2,10.61,2.0,3,14.44,2.0,1,9.43,1.0,3,1.54,5,True.
AZ,1,408,360-1596,no,no,0,3.0,3,42.43,3.0,3,21.45,3.0,2,12.61,2.0,2,3.19,1,True.
MD,3,408,383-6029,yes,yes,41,2.0,1,29.43,2.0,2,17.33,1.0,1,5.5,3.0,3,3.94,0,True.
ID,2,415,398-1294,no,no,0,2.0,3,27.05,2.0,3,19.66,1.0,2,6.44,2.0,2,2.38,5,True.
WY,2,415,353-3759,no,no,0,2.0,1,25.67,2.0,3,18.67,2.0,3,9.18,2.0,2,2.62,5,True.
CO,2,408,370-7574,no,yes,30,2.0,3,33.73,1.0,1,6.4,2.0,1,8.15,1.0,2,1.57,3,True.
TX,3,510,374-8042,no,no,0,2.0,2,30.41,2.0,2,14.37,1.0,2,6.69,3.0,2,3.73,4,True.
DC,2,415,374-5353,no,no,0,3.0,2,51.05,2.0,2,15.39,3.0,1,12.15,2.0,2,3.16,0,True.
NY,3,408,360-1171,no,no,0,1.0,3,10.47,1.0,1,6.55,2.0,2,7.79,1.0,3,2.21,4,True.
TX,2,510,395-3026,no,no,0,2.0,2,35.8,3.0,1,21.18,2.0,2,8.61,3.0,1,3.35,2,True.
IN,2,408,402-1251,no,no,0,2.0,2,26.84,1.0,2,13.18,2.0,1,8.53,1.0,2,2.16,4,True.
NJ,3,415,358-9095,no,no,0,3.0,3,40.44,3.0,2,21.05,2.0,1,9.4,3.0,2,3.75,1,True.
LA,3,415,334-1275,no,no,0,2.0,2,34.58,2.0,2,16.23,2.0,3,8.82,2.0,2,2.4,0,True.
MS,2,408,355-6291,no,no,0,2.0,3,36.06,2.0,2,17.8,2.0,2,7.52,1.0,2,1.43,1,True.
ID,2,415,362-9748,no,no,0,3.0,1,42.81,2.0,3,17.48,3.0,2,12.38,2.0,3,2.65,2,True.
ME,1,510,363-1069,yes,yes,42,2.0,2,33.46,3.0,3,21.67,1.0,3,6.22,3.0,3,5.4,0,True.
NV,2,415,355-6837,no,no,0,3.0,3,48.03,2.0,1,18.69,2.0,3,7.65,2.0,2,2.54,1,True.
MS,3,415,335-4858,no,no,0,1.0,2,12.02,1.0,2,13.39,1.0,1,6.97,2.0,2,2.46,4,True.
MS,1,510,414-8718,no,yes,27,2.0,3,31.88,1.0,2,12.46,2.0,3,10.16,1.0,3,1.73,4,True.
VT,2,408,390-2390,yes,no,0,2.0,1,28.41,2.0,2,15.09,3.0,3,11.22,3.0,3,3.81,2,True.
OH,2,415,370-9116,no,no,0,3.0,3,57.36,2.0,3,19.33,1.0,3,6.93,3.0,3,4.27,0,True.
AK,2,415,372-3750,no,no,0,1.0,2,9.89,1.0,3,11.79,1.0,2,6.16,2.0,1,3.21,5,True.
TX,3,510,378-3625,no,no,0,3.0,1,55.51,2.0,2,14.99,2.0,2,8.18,2.0,3,2.89,2,True.
ME,3,510,353-7292,yes,yes,26,3.0,2,49.79,2.0,2,16.97,3.0,3,11.49,3.0,3,3.73,4,True.
FL,1,510,366-6345,yes,no,0,3.0,2,38.54,2.0,3,19.39,1.0,2,3.29,3.0,2,4.75,2,True.
MD,3,415,375-1476,no,no,0,3.0,3,42.53,3.0,3,22.7,1.0,3,6.8,3.0,1,3.51,1,True.
MD,2,408,360-3324,yes,no,0,3.0,2,53.04,1.0,2,11.0,2.0,1,9.79,2.0,1,2.84,0,True.
MN,3,510,374-9107,no,no,0,1.0,2,22.85,2.0,2,17.96,2.0,3,8.71,2.0,1,2.75,5,True.
NV,3,415,338-1027,yes,no,0,1.0,2,22.97,1.0,2,11.4,2.0,1,10.04,3.0,1,3.32,2,True.
VA,2,408,335-1697,no,no,0,2.0,2,33.75,3.0,1,22.76,3.0,1,15.97,2.0,2,2.54,0,True.
OR,1,415,380-2558,no,yes,29,2.0,2,26.76,1.0,1,10.02,3.0,1,12.56,3.0,3,3.75,4,True.
KS,2,408,386-4170,yes,no,0,1.0,2,10.64,2.0,3,15.35,2.0,1,9.98,2.0,1,2.81,1,True.
SD,3,408,339-3049,no,yes,48,2.0,2,32.27,1.0,1,10.49,2.0,2,9.64,1.0,1,1.76,2,True.
OK,2,510,352-6976,no,no,0,3.0,2,51.66,3.0,3,22.18,3.0,2,14.04,1.0,2,1.43,1,True.
CT,2,415,387-5860,no,yes,37,2.0,2,29.36,1.0,3,10.21,2.0,1,9.72,2.0,2,2.78,5,True.
FL,3,415,416-1676,no,no,0,3.0,2,45.32,3.0,3,22.51,2.0,3,9.32,1.0,1,1.59,1,True.
RI,2,408,329-7347,no,no,0,2.0,2,28.97,3.0,1,29.79,3.0,2,13.37,2.0,2,3.02,0,True.
VT,2,415,419-1714,no,no,0,3.0,2,46.26,3.0,3,22.82,2.0,2,9.62,2.0,3,2.3,1,True.
IN,2,408,336-3819,no,no,0,3.0,2,50.39,2.0,2,18.26,1.0,2,6.03,2.0,2,3.08,4,True.
MN,1,415,366-7912,no,no,0,3.0,2,42.28,2.0,3,18.7,3.0,1,11.96,3.0,1,3.56,1,True.
SD,3,510,413-9269,yes,yes,32,3.0,1,38.0,2.0,1,16.05,1.0,2,6.97,2.0,1,2.54,2,True.
MT,1,415,387-5453,no,no,0,3.0,1,46.34,3.0,1,21.14,2.0,2,8.88,2.0,1,2.57,1,True.
AL,2,415,380-3437,no,no,0,1.0,3,21.81,2.0,2,16.75,1.0,3,6.23,3.0,2,3.29,7,True.
GA,2,415,343-6940,no,no,0,2.0,1,36.21,2.0,1,15.01,3.0,3,11.82,2.0,1,2.46,1,True.
FL,2,510,420-7823,no,no,0,1.0,1,18.19,1.0,1,8.98,3.0,1,10.94,3.0,2,3.46,4,True.
MS,1,408,402-1942,yes,no,0,3.0,1,40.15,2.0,1,18.58,2.0,2,8.73,3.0,1,3.56,2,True.
CO,3,408,341-4463,yes,no,0,3.0,1,43.71,3.0,3,26.54,2.0,1,8.24,2.0,3,2.38,1,True.
CO,3,415,343-5709,no,no,0,3.0,1,59.64,2.0,2,18.4,3.0,2,11.43,2.0,3,2.73,1,True.
CA,3,415,357-1909,yes,no,0,3.0,1,37.06,1.0,2,9.72,3.0,2,12.11,3.0,1,3.35,0,True.
MO,2,415,374-7787,yes,no,0,2.0,1,28.14,3.0,2,24.33,2.0,2,8.95,2.0,1,3.11,1,True.
WI,1,510,405-5305,no,no,0,3.0,1,39.03,2.0,2,17.48,1.0,2,7.48,2.0,1,2.92,0,True.
OR,2,415,328-6011,no,no,0,3.0,2,39.85,3.0,2,23.74,2.0,3,10.54,1.0,1,0.54,1,True.
DC,1,415,402-5155,no,no,0,2.0,2,28.44,2.0,1,19.55,2.0,3,8.63,2.0,2,2.86,1,True.
DE,2,510,332-5521,no,no,0,2.0,3,26.71,2.0,3,15.72,2.0,1,8.87,2.0,2,2.3,4,True.
DE,2,415,352-4418,no,no,0,3.0,1,40.75,3.0,2,24.05,3.0,2,10.73,2.0,2,2.35,2,True.
DE,3,510,361-6563,yes,no,0,2.0,2,29.16,1.0,2,13.6,2.0,2,9.56,1.0,1,1.35,1,True.
KS,1,510,365-5979,no,no,0,3.0,2,42.55,3.0,2,22.15,2.0,2,8.78,3.0,1,3.59,2,True.
OH,2,510,385-8997,no,no,0,3.0,1,47.26,2.0,1,15.02,2.0,3,9.88,1.0,2,2.24,0,True.
OH,2,408,405-6189,no,no,0,3.0,3,43.59,3.0,2,23.28,2.0,2,10.02,2.0,1,3.0,1,True.
MA,2,415,418-6737,no,no,0,3.0,3,45.02,3.0,2,20.86,1.0,3,7.22,3.0,1,4.0,1,True.
NV,1,415,352-8327,yes,no,0,2.0,2,30.29,2.0,2,14.26,2.0,2,8.19,3.0,2,3.67,3,True.
FL,3,510,334-9505,no,yes,36,3.0,2,38.45,2.0,3,15.44,3.0,2,11.65,2.0,2,2.84,3,True.
WV,1,510,418-6651,no,yes,33,1.0,1,16.42,3.0,2,26.81,1.0,3,7.35,1.0,2,1.67,4,True.
AL,1,415,375-2975,yes,no,0,2.0,2,32.62,3.0,2,21.77,2.0,2,9.17,3.0,3,3.86,1,True.
ME,2,415,376-8573,yes,no,0,1.0,2,22.22,3.0,3,22.15,3.0,2,10.99,2.0,1,2.54,2,True.
ME,2,408,343-1965,yes,no,0,2.0,1,35.92,1.0,3,8.98,2.0,1,7.92,2.0,2,2.62,4,True.
MI,2,415,366-7247,yes,no,0,3.0,1,36.87,2.0,3,17.63,2.0,2,9.98,3.0,2,4.73,1,True.
MO,2,415,405-3916,no,no,0,2.0,3,26.18,3.0,2,28.03,3.0,3,12.96,1.0,1,1.51,3,True.
MS,2,415,397-9148,no,yes,26,2.0,3,29.04,2.0,3,16.96,2.0,2,7.64,2.0,2,2.59,5,True.
AL,1,408,411-7778,yes,yes,29,3.0,2,45.2,2.0,2,18.34,1.0,1,4.86,3.0,3,3.78,0,True.
SC,2,510,394-8402,no,no,0,1.0,1,12.46,1.0,1,13.72,3.0,1,10.78,1.0,2,2.21,4,True.
MN,3,415,416-2778,yes,yes,20,3.0,3,40.38,3.0,2,21.54,3.0,1,11.93,3.0,2,3.83,9,True.
WI,1,510,418-6455,yes,no,0,3.0,2,47.57,3.0,2,21.14,2.0,3,7.69,1.0,3,2.27,2,True.
VT,2,510,378-3508,yes,yes,41,1.0,2,23.26,2.0,1,17.07,1.0,1,6.02,2.0,3,2.78,5,True.
AK,2,415,364-7719,no,no,0,2.0,1,29.38,2.0,2,15.56,1.0,2,7.15,1.0,2,2.13,4,True.
GA,1,510,419-8987,no,no,0,3.0,2,48.98,3.0,2,21.93,2.0,2,8.66,2.0,2,2.75,3,True.
MT,2,408,339-7541,no,no,0,2.0,2,29.6,3.0,2,21.34,3.0,3,11.59,1.0,2,2.24,2,True.
NC,3,408,344-3160,yes,yes,32,3.0,3,37.59,3.0,2,22.52,2.0,2,7.6,3.0,2,4.16,2,True.
WV,1,510,419-1674,no,no,0,3.0,3,38.78,3.0,1,23.5,3.0,1,12.59,2.0,2,2.67,2,True.
IN,2,415,353-6007,no,no,0,2.0,3,35.6,3.0,2,29.52,3.0,3,11.07,1.0,1,2.0,1,True.
SD,2,510,420-9838,no,no,0,3.0,3,39.81,3.0,2,24.91,2.0,1,8.28,2.0,3,2.65,0,True.
OK,2,408,345-1524,no,no,0,1.0,3,15.25,3.0,1,22.11,2.0,2,7.65,3.0,3,3.65,5,True.
MA,1,415,386-2810,yes,no,0,2.0,1,27.15,2.0,1,16.79,1.0,2,5.47,3.0,3,3.75,0,True.
MO,2,415,373-2053,no,no,0,3.0,1,57.04,2.0,2,18.06,3.0,3,11.93,3.0,3,3.43,2,True.
NV,2,415,380-7742,yes,yes,29,3.0,1,37.52,2.0,2,18.5,2.0,2,8.57,3.0,3,3.56,1,True.
KS,2,415,383-1657,yes,no,0,3.0,1,49.86,2.0,2,16.02,3.0,2,12.01,3.0,2,3.92,0,True.
NJ,2,408,348-8015,yes,yes,37,3.0,2,37.43,2.0,2,15.75,2.0,1,9.23,1.0,1,1.11,0,True.
GA,2,415,372-6497,no,no,0,3.0,3,50.92,2.0,2,19.27,2.0,3,9.48,3.0,2,3.7,0,True.
MO,2,408,411-5958,no,no,0,3.0,2,44.49,2.0,1,17.9,3.0,1,11.55,1.0,2,1.62,3,True.
CA,2,510,416-8701,no,no,0,2.0,1,26.79,2.0,2,16.5,2.0,1,10.42,2.0,3,2.54,5,True.
MT,2,408,405-4920,no,no,0,3.0,1,45.0,3.0,3,25.93,2.0,1,8.88,2.0,3,2.57,1,True.
TX,2,415,384-2372,yes,no,0,3.0,1,37.81,3.0,2,27.8,2.0,2,9.36,2.0,3,2.35,1,True.
WV,2,510,420-9971,yes,no,0,3.0,2,42.48,3.0,2,20.61,1.0,3,6.83,3.0,3,4.13,1,True.
UT,2,510,327-3587,no,yes,36,1.0,2,14.82,2.0,2,14.39,1.0,1,7.5,2.0,2,2.94,6,True.
WY,2,510,353-8363,no,no,0,3.0,2,46.1,2.0,2,17.22,2.0,1,9.97,2.0,2,3.11,3,True.
UT,1,415,398-3834,no,no,0,2.0,1,27.56,1.0,1,13.18,2.0,2,8.54,2.0,3,2.97,5,True.
KY,2,415,330-7754,yes,no,0,2.0,2,24.65,2.0,2,14.94,2.0,3,10.07,3.0,2,4.51,2,True.
PA,2,415,383-4061,yes,no,0,3.0,3,39.25,3.0,2,20.67,2.0,1,8.21,2.0,1,2.97,0,True.
WI,3,415,339-6637,yes,yes,28,1.0,2,21.57,2.0,2,14.19,1.0,1,6.53,2.0,2,2.38,5,True.
MA,3,408,371-9457,yes,no,0,2.0,2,30.07,2.0,2,14.27,2.0,3,8.2,1.0,1,2.08,1,True.
NJ,1,408,393-7826,no,no,0,3.0,1,45.15,2.0,2,17.75,2.0,2,8.21,2.0,3,3.0,2,True.
NV,1,510,397-6789,yes,yes,33,3.0,2,46.16,3.0,2,21.54,1.0,1,7.44,1.0,1,2.21,1,True.
VA,1,408,364-9040,yes,no,0,2.0,3,25.25,2.0,3,18.65,2.0,3,8.93,3.0,3,3.92,1,True.
KY,2,415,341-1191,no,no,0,3.0,2,53.48,2.0,1,14.43,3.0,2,12.83,1.0,2,1.54,2,True.
CO,2,408,409-4447,yes,no,0,2.0,2,28.51,1.0,3,7.96,3.0,3,10.86,3.0,1,3.62,3,True.
SC,2,408,335-1874,no,no,0,3.0,2,54.83,2.0,2,17.39,2.0,3,8.38,2.0,2,2.54,2,True.
NE,2,415,410-6791,no,no,0,2.0,2,30.7,2.0,3,16.23,3.0,3,13.3,2.0,2,2.78,1,True.
MA,3,408,367-8168,yes,no,0,2.0,2,33.93,2.0,2,17.97,1.0,1,3.26,2.0,2,2.97,3,True.
AL,2,408,374-9203,no,no,0,3.0,3,45.54,2.0,1,18.96,3.0,2,11.82,2.0,2,3.05,3,True.
MA,2,510,366-3358,no,no,0,3.0,3,46.14,2.0,2,16.18,3.0,3,12.81,2.0,3,3.0,4,True.
LA,2,415,395-6195,no,yes,27,2.0,1,28.37,2.0,2,18.8,2.0,2,8.88,3.0,2,3.32,1,True.
ME,2,510,346-7656,no,no,0,1.0,2,20.54,2.0,2,14.43,2.0,1,8.73,2.0,2,3.21,4,True.
CT,1,510,370-5527,no,no,0,3.0,2,54.67,3.0,3,21.39,1.0,3,6.35,2.0,2,3.05,2,True.
MD,1,415,370-2688,no,no,0,3.0,3,44.2,2.0,3,17.89,2.0,1,10.56,2.0,2,2.43,1,True.
WV,3,415,418-9036,no,no,0,2.0,2,32.62,1.0,2,6.03,2.0,2,9.22,3.0,2,3.62,4,True.
AR,2,415,402-3892,no,no,0,3.0,3,45.53,3.0,3,26.89,2.0,2,9.39,3.0,3,3.89,5,True.
MO,3,510,355-2464,no,no,0,3.0,3,48.84,3.0,3,24.48,3.0,2,11.97,2.0,2,2.84,0,True.
KY,2,510,368-7555,yes,no,0,1.0,2,21.39,2.0,2,17.65,2.0,3,9.33,3.0,2,3.81,1,True.
NV,2,415,399-9802,no,yes,28,2.0,3,28.54,2.0,2,16.21,2.0,2,8.69,2.0,3,2.48,4,True.
NJ,1,408,332-5949,no,no,0,3.0,1,43.76,3.0,2,22.19,2.0,2,9.2,3.0,2,3.62,2,True.
NJ,1,510,408-4529,no,yes,22,2.0,1,25.84,3.0,3,22.0,3.0,2,11.84,3.0,2,4.24,2,True.
NM,2,408,370-9755,no,yes,33,2.0,2,29.73,3.0,2,21.1,1.0,3,7.41,3.0,2,3.65,1,True.
DE,3,510,332-6181,no,no,0,3.0,3,56.83,2.0,2,16.33,2.0,1,8.59,2.0,3,2.81,0,True.
GA,2,408,413-5190,no,yes,21,1.0,2,22.81,1.0,3,13.81,2.0,2,8.4,2.0,1,3.19,4,True.
VT,1,415,394-7447,no,no,0,3.0,2,47.26,3.0,3,22.64,2.0,3,10.08,3.0,2,3.54,4,True.
NY,1,415,345-9140,yes,no,0,3.0,1,58.96,3.0,1,21.21,3.0,2,12.39,3.0,3,3.59,1,True.
KS,2,415,369-8024,yes,yes,27,3.0,2,45.54,3.0,1,22.38,2.0,2,8.01,1.0,1,2.24,1,True.
MI,3,408,387-9137,no,no,0,3.0,3,47.14,2.0,3,19.41,1.0,2,5.28,3.0,2,3.46,2,True.
WY,2,415,408-6326,no,no,0,3.0,3,44.78,2.0,1,19.58,2.0,2,7.68,2.0,2,3.08,1,True.
UT,3,510,329-2786,yes,no,0,2.0,2,33.01,3.0,2,21.2,3.0,3,11.47,3.0,1,3.48,1,True.
VA,2,415,400-6257,no,yes,42,2.0,3,36.72,2.0,2,19.75,2.0,2,9.7,2.0,2,2.51,2,True.
CA,2,415,338-6962,no,no,0,1.0,2,19.02,1.0,3,9.69,1.0,1,6.61,3.0,2,3.81,5,True.
NY,2,415,344-7197,no,no,0,2.0,3,26.21,1.0,1,9.55,3.0,1,11.09,3.0,2,4.16,4,True.
ME,2,408,333-7631,no,no,0,3.0,2,54.79,2.0,2,18.87,1.0,3,7.33,1.0,3,1.81,0,True.
NJ,2,510,332-5084,no,no,0,2.0,3,30.07,1.0,1,8.74,2.0,1,9.62,2.0,1,2.84,4,True.
NJ,3,510,401-8735,no,yes,28,2.0,2,34.24,3.0,3,20.95,1.0,3,6.97,3.0,2,3.48,2,True.
OH,2,408,368-1288,no,no,0,2.0,3,28.05,2.0,2,17.22,2.0,2,7.75,3.0,3,3.38,1,True.
MI,2,415,390-7930,no,no,0,2.0,3,26.25,2.0,3,14.31,3.0,1,10.8,2.0,2,3.16,5,True.
NE,3,415,362-5111,no,no,0,2.0,2,32.15,3.0,3,20.92,3.0,2,10.89,2.0,2,2.81,1,True.
NV,1,408,350-7306,no,no,0,2.0,1,25.18,1.0,2,14.02,2.0,3,9.72,3.0,1,3.32,5,True.
WY,2,415,338-6018,yes,yes,26,3.0,2,45.95,2.0,2,18.29,3.0,3,11.43,3.0,3,3.89,1,True.
UT,2,415,385-8184,no,no,0,1.0,1,18.09,3.0,1,20.41,1.0,3,6.65,1.0,2,1.43,6,True.
GA,3,415,368-5437,no,no,0,2.0,2,32.86,1.0,2,10.91,1.0,3,7.29,2.0,2,3.13,5,True.
KS,3,415,409-4734,no,no,0,1.0,3,22.37,2.0,2,17.96,2.0,2,7.57,2.0,2,3.0,4,True.
MD,3,408,346-5068,no,no,0,3.0,2,48.81,2.0,3,15.16,1.0,2,6.89,3.0,1,3.89,3,True.
MD,2,415,358-4576,yes,no,0,3.0,2,39.97,3.0,1,21.4,3.0,1,12.87,1.0,1,1.94,4,True.
NM,2,415,352-5118,yes,yes,15,2.0,2,27.2,2.0,2,17.81,1.0,2,3.7,2.0,2,2.35,5,True.
IL,2,415,343-7019,yes,no,0,3.0,3,40.26,3.0,2,22.55,1.0,1,6.86,2.0,1,2.57,1,True.
CO,2,408,334-8694,no,no,0,3.0,2,46.05,2.0,2,19.23,2.0,1,8.05,2.0,2,2.38,0,True.
KS,1,510,369-5449,no,no,0,3.0,2,41.31,2.0,1,15.63,2.0,2,8.29,3.0,3,4.13,0,True.
TN,2,510,356-8449,no,yes,34,2.0,1,27.56,2.0,3,14.6,3.0,1,11.69,2.0,2,2.59,4,True.
MN,1,510,390-9811,no,yes,33,2.0,1,31.69,2.0,3,17.09,3.0,2,12.9,2.0,2,3.0,2,True.
MA,1,408,351-7005,no,yes,31,3.0,1,38.2,1.0,1,11.43,1.0,2,5.41,1.0,2,2.03,1,True.
FL,1,510,364-7644,no,yes,45,1.0,3,22.19,2.0,2,17.71,1.0,3,6.37,2.0,2,2.97,4,True.
MT,1,415,357-9136,no,no,0,1.0,1,20.69,1.0,2,10.69,3.0,3,11.77,1.0,1,2.24,6,True.
MI,1,415,373-1448,no,no,0,3.0,3,39.05,3.0,2,28.56,2.0,3,8.68,2.0,1,2.59,1,True.
NY,3,408,413-2241,no,no,0,3.0,1,42.11,3.0,2,22.91,2.0,1,7.53,2.0,3,2.59,0,True.
NC,1,510,375-4107,no,no,0,1.0,2,19.07,2.0,2,17.82,3.0,1,11.74,3.0,1,3.75,0,True.
OR,3,415,377-1293,no,no,0,3.0,1,44.85,3.0,3,21.36,2.0,2,9.0,1.0,1,2.27,5,True.
UT,1,415,394-4520,no,no,0,3.0,2,45.27,2.0,3,17.66,2.0,2,9.23,3.0,1,3.78,2,True.
WA,3,408,419-1863,no,no,0,3.0,1,45.99,2.0,2,19.55,1.0,2,6.12,2.0,2,2.59,1,True.
TX,2,415,395-9215,no,no,0,2.0,1,32.16,2.0,3,15.67,3.0,1,11.51,2.0,2,2.86,3,True.
WA,1,510,399-3083,no,no,0,1.0,2,13.36,2.0,2,15.92,2.0,2,8.29,1.0,2,2.0,1,True.
DE,1,415,415-8448,yes,no,0,1.0,1,22.46,1.0,2,11.81,2.0,3,8.67,2.0,1,2.46,2,True.
TN,1,510,382-5401,no,yes,31,2.0,3,26.03,2.0,1,15.8,2.0,2,10.09,2.0,1,2.7,6,True.
ID,3,415,411-4714,no,no,0,1.0,2,16.46,1.0,2,12.12,2.0,3,9.45,2.0,2,2.94,2,True.
KS,2,408,379-8681,no,no,0,3.0,2,54.62,2.0,2,14.27,2.0,2,8.71,1.0,2,2.16,1,True.
WY,2,510,346-1629,yes,no,0,3.0,2,40.27,1.0,2,13.4,3.0,3,10.85,1.0,1,1.97,0,True.
WA,2,415,374-9576,yes,no,0,2.0,2,25.19,2.0,2,18.73,1.0,2,6.04,2.0,1,2.48,4,True.
MA,2,415,387-7371,no,no,0,3.0,2,48.35,1.0,2,13.35,3.0,2,10.93,1.0,3,2.27,0,True.
SD,2,415,392-2555,no,no,0,1.0,1,0.0,1.0,3,13.57,2.0,2,7.52,1.0,1,1.84,4,True.
PA,2,408,403-9167,yes,no,0,1.0,1,22.73,2.0,2,15.96,2.0,2,8.19,2.0,1,2.89,1,True.
WA,1,408,357-6039,no,no,0,3.0,3,48.57,2.0,2,19.63,2.0,3,10.38,3.0,3,4.0,0,True.
VT,1,415,414-1496,no,no,0,3.0,2,37.03,2.0,2,18.75,3.0,2,12.48,2.0,3,2.78,1,True.
CT,2,415,339-1330,no,no,0,3.0,2,41.65,3.0,1,21.31,3.0,3,12.16,3.0,3,3.7,1,True.
SC,2,415,399-6233,no,no,0,1.0,2,19.04,2.0,2,16.46,2.0,2,9.4,1.0,2,1.11,4,True.
OH,1,415,405-3097,no,no,0,3.0,3,41.77,3.0,2,20.56,3.0,3,12.84,1.0,2,1.13,4,True.
OK,2,415,413-4040,no,no,0,3.0,1,45.85,2.0,1,17.65,2.0,2,9.64,1.0,3,1.22,3,True.
MT,2,510,366-5829,no,no,0,1.0,1,24.34,1.0,2,7.49,2.0,3,10.49,2.0,3,2.38,4,True.
MS,1,415,412-2520,no,yes,31,1.0,2,13.99,3.0,2,21.77,2.0,2,10.33,2.0,1,3.19,6,True.
MI,2,415,393-6840,yes,no,0,2.0,1,25.4,2.0,2,14.61,2.0,2,9.65,3.0,2,4.83,3,True.
IL,2,415,380-4080,yes,yes,19,1.0,3,19.14,3.0,3,22.24,1.0,3,5.56,2.0,1,3.0,0,True.
ME,2,510,390-9627,no,no,0,2.0,3,33.27,2.0,2,17.77,2.0,1,9.05,1.0,2,2.24,1,True.
UT,3,408,398-8745,no,yes,44,2.0,1,29.58,2.0,2,17.8,2.0,2,10.08,3.0,3,3.81,2,True.
DE,1,415,413-7743,yes,yes,35,2.0,1,30.79,2.0,3,18.35,2.0,2,9.73,3.0,2,4.56,0,True.
MD,2,415,400-7002,yes,no,0,3.0,1,46.46,3.0,3,22.41,1.0,1,7.43,2.0,3,3.24,1,True.
AR,2,415,343-5219,yes,no,0,1.0,2,22.66,2.0,2,15.55,3.0,3,10.85,3.0,1,3.48,3,True.
MT,2,415,344-3466,no,yes,30,2.0,2,26.08,1.0,2,12.87,1.0,2,6.92,3.0,2,3.46,4,True.
UT,1,415,403-8916,no,no,0,2.0,2,36.36,3.0,2,22.14,2.0,2,10.52,1.0,2,2.27,1,True.
OH,3,415,337-7167,no,no,0,3.0,2,37.96,2.0,3,14.2,2.0,1,9.14,1.0,2,1.22,0,True.
IA,2,510,377-1273,no,no,0,3.0,3,44.44,2.0,2,18.33,3.0,2,12.23,1.0,3,2.16,1,True.
DE,3,510,380-7816,yes,no,0,1.0,2,7.91,2.0,3,15.81,2.0,2,7.54,2.0,2,2.59,4,True.
CA,2,415,402-6744,no,yes,18,2.0,1,25.48,2.0,1,14.53,2.0,2,7.72,2.0,3,3.11,0,True.
WY,3,510,400-2181,yes,no,0,3.0,2,41.17,2.0,1,19.22,3.0,2,11.34,3.0,2,3.75,2,True.
OR,3,510,366-1613,no,no,0,3.0,2,44.1,2.0,3,14.68,3.0,1,13.22,2.0,3,2.89,1,True.
ME,2,408,384-8723,yes,yes,21,2.0,3,26.61,2.0,3,17.78,1.0,1,7.14,2.0,2,3.0,4,True.
WV,2,415,341-7686,no,no,0,1.0,2,10.4,1.0,2,7.85,2.0,3,8.88,3.0,2,3.7,5,True.
MI,3,415,371-2500,no,no,0,2.0,2,28.12,3.0,2,23.26,2.0,2,9.45,2.0,2,2.35,0,True.
NJ,2,415,366-2273,no,no,0,3.0,2,40.27,2.0,2,16.8,3.0,1,13.91,2.0,3,3.08,2,True.
KS,2,415,405-1108,yes,no,0,3.0,3,46.56,3.0,2,23.68,3.0,2,11.49,2.0,3,2.94,1,True.
AR,2,510,387-2604,yes,no,0,3.0,2,41.19,3.0,2,29.83,1.0,2,7.34,2.0,2,3.05,0,True.
MT,3,415,417-4810,no,no,0,3.0,1,40.19,3.0,3,24.42,2.0,2,8.64,3.0,2,3.73,1,True.
NH,3,415,368-7706,no,no,0,1.0,2,20.26,2.0,2,14.31,2.0,3,9.21,3.0,3,3.29,4,True.
AZ,1,510,337-8618,no,no,0,2.0,3,26.18,2.0,3,16.91,1.0,2,6.84,2.0,2,2.57,4,True.
MD,2,408,405-2276,no,no,0,2.0,1,27.1,2.0,2,15.26,2.0,1,7.55,2.0,1,2.62,6,True.
MN,3,510,372-7990,no,no,0,3.0,3,49.61,2.0,3,18.22,1.0,3,6.8,2.0,1,2.67,0,True.
CT,1,415,406-9926,yes,no,0,3.0,3,38.3,1.0,2,9.2,1.0,3,6.28,3.0,3,4.67,1,True.
MD,2,510,384-3299,yes,no,0,1.0,1,22.34,2.0,2,18.67,1.0,2,7.01,2.0,1,3.0,1,True.
AL,3,415,395-7923,yes,no,0,1.0,1,21.64,2.0,3,18.9,2.0,2,7.83,3.0,2,3.7,5,True.
NV,2,510,377-4169,yes,no,0,3.0,3,40.97,2.0,2,19.7,2.0,1,9.91,2.0,1,2.67,1,True.
OK,2,510,393-4823,no,no,0,3.0,1,56.07,2.0,3,17.71,3.0,2,12.02,2.0,3,2.86,0,True.
OR,2,415,348-5725,no,no,0,3.0,3,45.73,2.0,3,19.86,2.0,1,8.07,1.0,2,1.97,2,True.
PA,2,415,365-2008,no,no,0,3.0,3,45.61,2.0,2,15.77,3.0,2,11.91,1.0,3,1.7,1,True.
VT,2,415,380-8727,no,no,0,1.0,1,19.64,2.0,2,18.54,3.0,2,11.47,2.0,3,3.11,7,True.
MA,1,415,374-1981,no,no,0,3.0,2,49.93,3.0,1,23.16,2.0,1,8.02,2.0,3,2.97,2,True.
OR,3,415,333-5101,no,no,0,1.0,2,20.45,3.0,1,20.43,2.0,1,9.74,1.0,2,2.08,4,True.
FL,3,510,384-5004,no,no,0,3.0,2,47.35,3.0,2,20.46,1.0,2,5.4,2.0,2,3.13,1,True.
WV,1,408,348-7193,no,no,0,1.0,3,22.29,1.0,2,13.64,2.0,2,9.31,1.0,3,1.51,5,True.
MO,2,510,418-7055,no,no,0,1.0,1,22.05,2.0,1,15.09,2.0,2,10.3,1.0,2,2.03,5,True.
AZ,2,415,404-3106,yes,no,0,3.0,1,45.63,1.0,3,12.8,3.0,1,13.41,2.0,3,2.62,2,True.
TX,1,415,341-8719,no,no,0,3.0,2,39.58,3.0,2,25.79,3.0,2,11.5,3.0,3,3.48,0,True.
NV,2,415,334-5029,no,no,0,3.0,3,48.69,2.0,1,17.48,2.0,3,8.61,1.0,3,1.86,1,True.
NJ,2,415,330-4978,no,no,0,3.0,3,45.68,3.0,3,25.59,2.0,3,7.52,1.0,1,1.57,2,True.
DC,1,408,355-3801,no,no,0,2.0,3,30.48,2.0,2,17.76,3.0,2,11.17,3.0,3,3.65,1,True.
ME,1,510,376-9607,no,no,0,1.0,1,19.23,2.0,2,14.35,3.0,3,11.83,1.0,1,1.86,1,True.
NY,3,415,421-8537,yes,no,0,2.0,1,27.42,1.0,1,10.57,3.0,2,11.79,3.0,2,3.81,0,True.
NC,1,415,407-7258,yes,no,0,2.0,2,32.39,3.0,2,22.07,1.0,2,6.37,2.0,1,2.62,2,True.
CT,2,415,335-6508,no,no,0,3.0,2,41.68,3.0,1,21.6,3.0,2,10.77,1.0,2,2.03,0,True.
NM,2,415,348-6720,no,no,0,1.0,3,22.54,2.0,1,18.79,1.0,2,5.76,3.0,1,3.43,4,True.
MN,2,510,390-5055,yes,no,0,1.0,2,20.74,2.0,2,18.72,2.0,3,8.09,2.0,1,2.92,2,True.
OR,3,415,331-1391,no,no,0,3.0,1,41.23,3.0,2,20.86,2.0,1,9.88,2.0,2,2.7,3,True.
DE,1,415,420-6465,yes,no,0,2.0,2,26.11,2.0,1,19.8,2.0,2,9.64,3.0,2,3.81,0,True.
NY,1,415,348-6853,no,no,0,3.0,1,48.72,2.0,2,18.97,2.0,2,9.17,2.0,2,3.11,1,True.
CT,2,415,409-7523,yes,no,0,2.0,3,31.84,1.0,2,13.66,3.0,2,11.87,2.0,1,2.59,0,True.
NH,2,510,397-1766,yes,no,0,1.0,2,9.21,3.0,1,25.77,2.0,1,7.73,2.0,1,2.32,1,True.
WA,2,408,373-8908,no,no,0,3.0,1,46.94,2.0,2,17.09,2.0,1,10.41,2.0,2,2.4,0,True.
SC,2,510,369-7017,no,yes,28,1.0,3,23.1,3.0,2,20.78,2.0,1,9.34,2.0,2,3.11,4,True.
NC,2,415,420-8435,yes,no,0,2.0,3,32.15,2.0,2,18.97,3.0,3,12.11,3.0,2,3.75,2,True.
PA,2,408,342-4122,no,no,0,3.0,3,48.81,1.0,2,13.54,2.0,1,9.76,3.0,1,3.75,2,True.
NC,3,408,340-1876,no,yes,26,2.0,3,30.55,2.0,3,18.54,2.0,2,9.55,2.0,3,2.51,1,True.
MO,2,510,383-6095,no,no,0,2.0,2,28.19,2.0,3,16.15,1.0,3,6.48,2.0,2,2.94,5,True.
NM,2,415,407-2259,no,no,0,3.0,2,37.79,3.0,2,24.31,3.0,3,11.22,3.0,2,3.27,1,True.
MA,2,408,417-3999,yes,yes,16,2.0,2,25.02,1.0,2,13.61,2.0,3,8.28,1.0,1,2.08,0,True.
OH,3,408,379-1720,yes,no,0,3.0,2,43.3,3.0,1,21.44,2.0,2,8.01,1.0,2,2.16,0,True.
MI,3,408,405-7676,no,no,0,2.0,1,25.38,2.0,3,15.9,1.0,2,6.74,1.0,2,2.13,7,True.
TX,2,510,361-2349,no,no,0,1.0,1,13.92,3.0,3,21.57,2.0,3,9.59,2.0,1,2.4,2,True.
MS,2,408,387-5533,no,no,0,3.0,3,40.63,3.0,2,23.21,3.0,2,12.52,3.0,3,3.65,1,True.
KY,1,415,359-4336,no,no,0,3.0,3,50.22,2.0,3,19.73,2.0,3,9.2,2.0,1,3.11,1,True.
CT,1,415,406-3069,no,no,0,2.0,2,27.59,1.0,1,12.67,3.0,3,11.5,3.0,1,4.0,4,True.
NE,2,415,334-6519,no,no,0,3.0,2,46.36,3.0,2,20.09,3.0,2,10.6,1.0,1,2.08,0,True.
OK,2,510,405-4109,yes,yes,28,2.0,2,26.54,1.0,3,9.1,2.0,2,7.55,3.0,2,3.97,0,True.
SD,2,415,357-5696,no,no,0,2.0,3,26.01,1.0,3,11.99,2.0,1,7.72,2.0,3,2.78,1,True.
WI,3,415,405-5403,yes,no,0,3.0,2,38.28,2.0,2,15.72,1.0,3,6.44,2.0,1,2.67,0,True.
IN,1,510,330-9354,no,no,0,3.0,3,42.48,3.0,3,21.63,3.0,2,12.29,2.0,3,2.4,2,True.
VT,3,415,335-2019,no,no,0,3.0,2,46.89,2.0,2,16.11,2.0,2,10.08,1.0,2,2.0,2,True.
NJ,2,510,384-5632,yes,yes,38,3.0,3,38.37,1.0,3,10.17,2.0,3,8.69,3.0,3,3.78,1,True.
WA,3,408,352-6068,no,yes,33,2.0,2,28.53,2.0,2,17.45,1.0,3,5.85,3.0,2,3.92,4,True.
NH,2,408,371-1727,no,no,0,2.0,3,25.6,2.0,3,14.37,2.0,2,9.95,2.0,3,2.81,8,True.
WA,2,408,382-4932,no,no,0,1.0,2,12.04,2.0,2,18.33,2.0,3,10.39,2.0,1,2.57,6,True.
PA,2,408,377-5043,no,no,0,3.0,2,44.22,3.0,1,21.8,2.0,2,10.31,2.0,1,2.7,1,True.
HI,2,415,401-7359,no,no,0,3.0,3,47.82,3.0,2,25.63,2.0,2,9.13,2.0,2,2.35,0,True.
MD,2,415,375-2184,yes,yes,42,1.0,2,22.12,2.0,3,14.2,3.0,1,11.01,3.0,2,3.67,3,True.
AZ,2,510,403-9719,no,no,0,1.0,2,21.88,2.0,1,19.3,2.0,3,8.01,2.0,2,2.48,2,True.
TX,1,415,364-9904,no,no,0,2.0,2,26.35,1.0,2,11.34,2.0,1,7.92,1.0,2,1.89,4,True.
ND,1,510,373-8483,no,no,0,3.0,1,40.46,3.0,2,23.67,2.0,3,8.69,2.0,3,3.19,0,True.
NY,3,510,399-7268,no,no,0,3.0,2,40.22,2.0,2,14.44,2.0,3,9.55,2.0,1,3.0,1,True.
KY,2,408,403-2673,no,yes,20,2.0,1,26.83,1.0,1,13.73,3.0,2,12.22,2.0,1,2.35,5,True.
SC,1,415,340-4972,yes,no,0,3.0,2,40.43,2.0,3,17.76,2.0,1,7.55,3.0,3,4.21,2,True.
RI,2,510,417-4826,yes,no,0,2.0,1,34.68,2.0,1,14.32,1.0,2,7.38,3.0,2,3.59,3,True.
TN,2,415,339-6477,no,no,0,3.0,3,46.33,2.0,2,19.22,1.0,2,7.16,3.0,2,4.43,3,True.
TX,1,408,340-8323,no,no,0,3.0,2,48.69,2.0,1,15.15,2.0,3,9.64,2.0,3,2.89,1,True.
SD,2,510,408-4836,no,no,0,3.0,2,55.78,1.0,2,12.89,3.0,3,13.66,2.0,2,2.35,1,True.
OK,3,415,374-8329,yes,no,0,2.0,1,24.8,2.0,3,17.7,2.0,2,8.14,3.0,3,3.89,0,True.
NJ,3,408,367-8692,no,no,0,3.0,2,36.99,3.0,1,23.72,3.0,1,11.28,2.0,2,2.81,2,True.
TX,3,408,335-4888,no,no,0,3.0,2,45.87,2.0,2,19.45,3.0,2,11.59,2.0,3,2.73,1,True.
KS,2,408,379-7215,no,no,0,3.0,2,45.76,2.0,3,16.47,3.0,1,11.59,2.0,1,2.4,3,True.
OR,1,408,400-8375,no,no,0,3.0,3,44.4,3.0,2,21.32,2.0,2,7.92,2.0,1,2.65,0,True.
NH,2,408,400-8538,yes,no,0,3.0,3,38.91,3.0,1,21.73,2.0,3,9.36,2.0,1,2.73,4,True.
MA,1,510,419-5171,no,no,0,3.0,2,49.37,3.0,2,21.58,3.0,3,11.85,2.0,2,2.73,3,True.
NH,2,408,413-2194,no,no,0,3.0,2,50.68,2.0,2,17.11,2.0,2,9.66,2.0,2,2.62,2,True.
GA,3,408,355-2634,yes,yes,18,3.0,2,37.76,1.0,2,13.65,2.0,2,9.85,3.0,1,3.67,0,True.
MN,2,408,422-5350,no,no,0,3.0,3,40.15,3.0,2,23.28,2.0,1,10.22,2.0,3,2.73,2,True.
LA,3,415,381-4029,no,no,0,1.0,2,23.22,2.0,1,17.8,1.0,1,7.25,3.0,1,3.29,4,True.
NJ,1,408,335-2967,no,no,0,3.0,2,49.27,3.0,3,21.73,3.0,1,10.93,2.0,2,3.16,2,True.
CA,3,510,388-6026,yes,no,0,2.0,3,33.35,2.0,1,15.0,2.0,2,10.46,3.0,1,4.1,0,True.
TX,1,510,346-2020,yes,no,0,2.0,3,29.39,2.0,1,15.56,2.0,2,10.19,2.0,1,2.65,0,True.
CA,2,408,329-9067,no,no,0,3.0,2,42.47,3.0,2,20.6,2.0,1,10.43,2.0,2,3.13,0,True.
VA,2,510,411-2958,yes,no,0,3.0,3,42.89,2.0,2,17.6,3.0,2,12.81,2.0,2,3.24,3,True.
MT,2,415,385-7148,no,no,0,1.0,1,16.41,2.0,3,17.87,1.0,2,6.59,3.0,2,3.38,1,True.
NE,2,415,387-1535,no,no,0,3.0,2,42.47,3.0,2,22.26,1.0,2,7.51,3.0,2,3.43,3,True.
SC,3,415,336-8343,no,no,0,3.0,3,38.42,3.0,1,25.89,2.0,3,8.15,3.0,2,3.4,2,True.
AL,3,408,359-5731,no,no,0,3.0,2,45.9,3.0,2,21.81,2.0,2,7.58,2.0,2,3.24,2,True.
FL,3,510,367-1681,yes,no,0,1.0,2,8.11,3.0,2,22.47,2.0,2,10.58,3.0,2,3.56,0,True.
NV,2,408,351-4025,yes,no,0,1.0,2,15.22,3.0,2,28.89,2.0,1,7.78,1.0,1,2.13,1,True.
NC,2,510,329-9667,yes,no,0,3.0,1,42.72,3.0,2,21.46,1.0,2,5.32,2.0,1,2.67,3,True.
KS,1,510,418-5300,yes,no,0,1.0,3,8.13,2.0,3,15.21,1.0,2,6.87,3.0,3,3.59,0,True.
NM,1,415,327-8495,no,no,0,3.0,1,39.46,3.0,2,27.8,2.0,3,10.19,2.0,1,2.94,3,True.
WA,3,415,416-5660,no,no,0,2.0,3,28.76,2.0,2,14.73,2.0,1,9.74,3.0,2,3.35,4,True.
PA,2,510,365-7774,yes,no,0,2.0,2,24.65,3.0,2,25.02,3.0,3,10.79,2.0,1,2.97,4,True.
UT,1,415,367-3220,no,no,0,3.0,2,47.41,2.0,1,16.17,3.0,1,11.48,2.0,3,3.16,0,True.
TX,2,415,406-2242,no,no,0,3.0,3,36.92,3.0,1,25.79,2.0,1,8.87,3.0,1,3.35,0,True.
MS,1,415,413-7468,no,no,0,3.0,3,51.54,2.0,1,14.49,2.0,1,10.24,2.0,2,3.11,0,True.
MI,2,408,379-2503,no,no,0,1.0,2,22.66,3.0,3,21.06,2.0,1,9.86,2.0,2,3.05,5,True.
NV,2,415,364-3286,no,no,0,2.0,1,28.34,2.0,2,15.24,3.0,3,10.92,1.0,3,1.84,4,True.
NE,1,408,420-8897,no,no,0,3.0,2,45.41,2.0,3,15.33,2.0,2,10.38,3.0,2,4.67,1,True.
TN,2,415,351-7309,yes,no,0,3.0,3,47.01,2.0,1,16.63,2.0,1,9.46,1.0,2,1.94,1,True.
MS,1,510,401-6982,no,no,0,3.0,2,53.24,2.0,3,18.39,2.0,2,9.83,3.0,2,3.46,2,True.
AR,2,415,328-7833,no,no,0,3.0,3,38.61,1.0,2,10.24,1.0,2,5.27,1.0,2,1.27,5,True.
NV,2,510,342-8167,no,no,0,3.0,2,41.7,3.0,3,22.09,2.0,3,9.19,2.0,1,2.89,3,True.
LA,2,510,348-4316,no,no,0,1.0,3,24.36,2.0,2,19.61,2.0,2,9.64,1.0,1,2.11,4,True.
UT,2,415,375-3826,no,no,0,3.0,2,46.09,3.0,3,20.15,3.0,3,10.8,2.0,2,2.65,2,True.
NY,2,415,356-5475,no,no,0,2.0,1,28.41,1.0,1,11.2,2.0,2,8.43,2.0,1,2.54,6,True.
MN,2,510,371-6284,yes,no,0,2.0,1,26.83,2.0,3,17.27,2.0,1,7.59,2.0,1,2.7,3,True.
TN,2,408,410-7611,yes,no,0,2.0,1,30.58,2.0,2,14.45,2.0,2,8.58,3.0,1,3.73,1,True.
IL,1,415,340-6908,yes,yes,29,2.0,2,33.24,2.0,2,14.59,2.0,1,9.18,3.0,3,3.65,1,True.
MT,2,408,399-2457,no,no,0,3.0,1,46.44,2.0,1,17.94,2.0,3,9.17,3.0,3,3.54,2,True.
FL,2,415,358-2490,no,no,0,3.0,2,46.55,3.0,2,24.62,3.0,3,12.11,1.0,2,1.57,2,True.
WI,3,510,349-3112,no,no,0,2.0,2,27.12,3.0,2,23.42,2.0,3,7.95,2.0,1,2.73,1,True.
NY,2,415,391-1737,no,no,0,2.0,3,29.63,1.0,3,11.92,2.0,2,9.69,2.0,3,2.43,4,True.
NV,1,415,352-5466,no,no,0,3.0,2,51.66,2.0,1,19.74,1.0,1,6.62,1.0,2,1.57,1,True.
ND,2,415,364-5510,no,yes,36,1.0,3,21.03,2.0,2,14.67,3.0,3,12.62,2.0,2,2.38,1,True.
NJ,1,408,416-6886,no,no,0,3.0,3,38.86,1.0,3,11.29,2.0,3,10.22,2.0,1,2.73,9,True.
CT,2,408,344-1136,yes,no,0,2.0,3,34.34,2.0,1,15.67,2.0,2,7.92,1.0,1,2.0,2,True.
MI,2,408,378-6276,no,yes,32,2.0,2,35.62,1.0,1,9.32,2.0,3,8.54,2.0,3,2.46,6,True.
SC,3,510,343-2592,no,no,0,3.0,3,50.64,3.0,2,20.24,3.0,2,10.82,2.0,2,2.4,1,True.
SC,3,415,396-4410,no,no,0,2.0,2,36.18,2.0,3,16.13,2.0,2,7.65,2.0,2,2.86,0,True.
MD,2,415,347-3406,no,no,0,3.0,1,50.13,2.0,1,16.39,1.0,2,6.66,3.0,2,3.56,1,True.
NY,2,415,352-7752,yes,no,0,3.0,2,40.75,3.0,2,23.94,2.0,3,8.26,2.0,1,3.08,1,True.
NY,2,415,388-9285,no,yes,33,1.0,2,24.31,2.0,2,18.04,1.0,3,4.72,3.0,2,4.13,5,True.
ID,2,415,333-4594,no,yes,29,2.0,3,34.22,2.0,3,17.31,1.0,3,5.85,1.0,3,1.73,1,True.
TX,3,510,388-2240,yes,yes,31,2.0,1,34.6,2.0,1,17.03,2.0,2,9.63,3.0,3,3.62,1,True.
WI,2,415,373-4264,no,no,0,3.0,2,55.47,1.0,2,14.03,1.0,2,7.33,1.0,1,2.03,1,True.
DC,2,415,354-5689,no,no,0,2.0,3,25.01,1.0,2,13.69,3.0,2,12.42,2.0,2,2.43,5,True.
CA,1,510,328-8980,no,no,0,3.0,3,40.78,3.0,2,22.24,2.0,2,9.32,2.0,2,2.4,2,True.
MN,2,415,399-2151,yes,no,0,2.0,2,27.18,2.0,2,15.29,1.0,2,6.95,2.0,1,3.13,2,True.
CO,3,415,379-9524,no,no,0,2.0,1,33.63,1.0,3,11.38,2.0,2,7.98,2.0,2,2.94,4,True.
MN,1,510,350-7114,no,no,0,1.0,3,13.89,2.0,2,17.87,2.0,1,9.54,2.0,2,3.05,6,True.
PA,2,510,353-9998,no,no,0,1.0,2,18.53,3.0,3,22.04,2.0,3,8.19,3.0,2,3.59,4,True.
CA,2,415,409-9911,no,yes,31,1.0,2,18.63,3.0,3,21.19,3.0,2,14.45,1.0,2,2.24,4,True.
NC,3,415,379-6970,no,no,0,3.0,3,47.52,2.0,2,17.27,2.0,2,7.84,2.0,2,2.89,2,True.
WV,3,510,332-6139,yes,yes,41,2.0,3,24.96,3.0,2,24.28,2.0,1,9.61,1.0,1,1.16,1,True.
IN,3,415,415-4564,no,no,0,1.0,3,23.43,2.0,2,19.19,1.0,2,6.53,2.0,3,2.75,1,True.
ID,2,510,414-7090,yes,yes,29,2.0,2,27.59,3.0,1,23.74,2.0,3,8.67,2.0,1,3.16,3,True.
RI,3,408,332-2889,no,no,0,2.0,1,28.53,2.0,2,17.94,1.0,2,6.91,2.0,3,2.84,4,True.
KY,1,415,412-1991,no,no,0,1.0,2,15.74,1.0,1,13.76,3.0,1,12.83,2.0,2,3.05,5,True.
MD,2,510,372-8883,no,no,0,1.0,2,20.93,2.0,1,18.18,2.0,2,8.32,2.0,1,3.24,5,True.
NJ,1,510,330-2635,yes,no,0,1.0,1,19.55,1.0,2,10.4,3.0,1,11.03,1.0,1,1.73,0,True.
CO,2,415,408-3262,no,no,0,2.0,1,31.4,3.0,1,22.27,3.0,3,10.78,3.0,3,3.32,2,True.
RI,2,408,410-3159,no,no,0,1.0,2,19.21,2.0,2,14.38,1.0,1,7.05,2.0,2,2.48,2,True.
CT,2,408,344-5181,no,no,0,3.0,2,50.01,2.0,1,19.76,2.0,1,8.78,2.0,1,2.43,0,True.
OR,3,415,384-7236,yes,yes,28,2.0,3,35.9,3.0,2,26.56,2.0,3,8.01,2.0,1,2.89,3,True.
SC,1,510,408-5322,no,no,0,3.0,3,44.1,3.0,2,22.92,2.0,3,7.89,2.0,2,2.57,1,True.
KY,1,415,409-2983,no,no,0,3.0,3,42.02,3.0,2,25.81,1.0,2,4.74,2.0,1,2.51,2,True.
MN,3,415,378-9542,no,no,0,3.0,1,54.03,1.0,2,13.0,1.0,1,5.55,2.0,3,2.81,1,True.
WV,2,415,344-1970,no,no,0,3.0,2,53.04,2.0,2,15.3,2.0,2,7.59,3.0,2,3.46,1,True.
MS,3,415,333-9002,no,no,0,1.0,2,22.37,2.0,2,15.24,3.0,3,11.3,3.0,2,4.19,1,True.
NY,2,415,329-6731,no,no,0,1.0,2,20.94,2.0,3,16.15,2.0,2,7.66,3.0,2,3.48,4,True.
ND,2,408,395-1901,no,no,0,3.0,3,39.3,3.0,3,22.76,3.0,2,10.81,2.0,2,2.38,1,True.
OH,2,510,348-1163,yes,no,0,3.0,1,58.7,2.0,2,17.29,2.0,2,9.79,2.0,3,3.19,1,True.
AL,1,408,337-4600,no,no,0,3.0,1,45.03,3.0,1,23.9,1.0,1,7.47,1.0,2,2.27,1,True.
DE,2,510,354-7397,no,no,0,3.0,2,38.27,3.0,3,23.76,2.0,2,10.52,2.0,2,2.38,0,True.
OK,2,510,397-3746,yes,no,0,2.0,3,27.61,2.0,2,14.2,1.0,3,5.8,2.0,1,3.08,2,True.
AR,3,415,332-5820,no,no,0,3.0,2,38.11,3.0,3,26.77,2.0,3,8.23,3.0,2,4.35,1,True.
NH,2,415,357-1938,yes,no,0,3.0,1,50.73,3.0,3,22.99,1.0,1,4.83,3.0,1,3.29,0,True.
ND,3,408,409-4671,yes,yes,35,2.0,2,26.78,2.0,1,16.12,2.0,1,10.22,2.0,1,3.0,3,True.
MI,2,415,376-5213,no,no,0,3.0,2,38.57,2.0,1,15.49,2.0,2,9.18,2.0,1,3.13,0,True.
NH,3,415,402-3370,no,yes,32,3.0,2,54.81,3.0,2,24.07,2.0,2,9.43,1.0,2,1.81,1,True.
KS,2,408,382-8079,yes,no,0,3.0,2,41.89,2.0,2,15.47,1.0,2,7.09,3.0,1,3.27,2,True.
SC,2,408,373-6922,no,no,0,3.0,3,48.96,3.0,2,21.74,2.0,2,10.5,3.0,2,3.62,0,True.
NJ,2,415,347-8659,no,no,0,3.0,3,51.26,3.0,1,21.9,1.0,3,5.98,3.0,1,3.62,4,True.
VA,1,415,382-2182,yes,no,0,1.0,2,16.93,3.0,2,26.24,1.0,1,7.25,3.0,3,3.7,2,True.
NM,3,415,369-6890,yes,yes,26,2.0,3,33.8,2.0,1,14.16,2.0,3,8.93,3.0,2,3.89,1,True.
RI,2,510,420-6324,yes,no,0,3.0,3,43.5,1.0,2,11.98,3.0,3,13.9,3.0,1,3.27,1,True.
MS,1,415,383-9306,yes,no,0,3.0,3,47.24,1.0,2,13.24,3.0,1,11.56,2.0,3,2.48,0,True.
ND,3,415,369-1929,no,no,0,3.0,2,38.23,3.0,2,21.25,2.0,1,9.72,1.0,2,1.81,3,True.
IA,1,415,359-7426,no,no,0,3.0,3,52.46,1.0,2,12.82,2.0,1,8.94,1.0,2,1.97,4,True.
SC,2,415,415-6347,no,no,0,2.0,3,24.62,2.0,1,17.05,2.0,1,9.4,3.0,3,3.59,0,True.
MN,2,415,390-9735,yes,yes,29,3.0,1,44.34,1.0,2,13.91,3.0,3,12.23,3.0,3,4.59,1,True.
MN,2,415,343-2689,no,no,0,3.0,1,40.92,3.0,1,22.9,2.0,1,8.42,2.0,2,2.73,0,True.
MI,2,415,359-6232,no,no,0,3.0,1,53.4,2.0,2,18.9,3.0,3,11.66,3.0,2,3.32,3,True.
SC,3,510,388-7540,no,no,0,3.0,3,43.37,2.0,2,19.6,2.0,1,9.81,2.0,2,2.3,3,True.
MI,3,408,389-4608,no,no,0,3.0,2,49.5,2.0,3,19.91,2.0,2,8.63,2.0,2,2.4,1,True.
WV,1,510,328-9797,no,no,0,3.0,1,44.51,3.0,3,20.83,2.0,2,9.09,3.0,2,3.97,0,True.
NJ,3,415,418-8568,no,no,0,3.0,3,47.45,2.0,2,15.34,2.0,2,9.79,2.0,3,2.57,2,True.
NJ,3,510,405-3309,no,no,0,3.0,2,41.68,2.0,2,18.46,3.0,3,10.94,3.0,3,3.75,0,True.
NC,3,408,384-4938,yes,no,0,2.0,2,36.75,3.0,1,30.91,1.0,3,5.7,3.0,1,4.56,5,True.
TX,2,415,355-9366,yes,yes,26,2.0,2,28.73,2.0,2,16.05,2.0,1,9.6,3.0,2,3.59,0,True.
PA,1,408,343-1347,no,yes,40,1.0,1,17.85,2.0,2,15.35,2.0,3,7.83,2.0,1,2.75,2,True.
MD,3,408,376-4292,no,no,0,3.0,2,46.58,2.0,1,19.7,3.0,1,12.76,1.0,1,1.67,0,True.
IL,3,408,352-5787,yes,no,0,3.0,2,40.34,2.0,1,15.02,3.0,1,11.85,3.0,2,3.83,0,True.
WI,3,408,415-3537,no,no,0,2.0,1,26.3,2.0,3,15.11,2.0,2,7.78,1.0,1,1.59,4,True.
NJ,3,510,373-3959,no,yes,34,3.0,2,42.02,2.0,3,19.17,2.0,1,8.38,1.0,2,1.65,2,True.
ME,1,415,358-1346,yes,yes,32,3.0,2,37.13,3.0,3,20.12,2.0,3,8.65,3.0,2,3.56,0,True.
MD,2,408,401-9665,no,no,0,3.0,2,40.65,3.0,1,20.7,2.0,2,10.39,2.0,2,2.94,3,True.
MN,1,510,399-5291,no,no,0,2.0,2,29.87,2.0,2,18.0,1.0,2,6.21,2.0,2,2.48,5,True.
AR,2,415,409-6588,no,yes,29,1.0,2,18.9,3.0,2,22.4,2.0,3,10.11,2.0,3,2.43,6,True.
MT,3,408,330-5824,yes,no,0,3.0,2,43.86,3.0,3,20.95,2.0,2,7.79,2.0,2,2.94,0,True.
SD,1,510,403-6187,yes,no,0,3.0,3,42.74,2.0,1,16.71,2.0,1,8.64,2.0,1,2.97,0,True.
ID,3,415,358-3692,no,no,0,3.0,2,44.83,2.0,2,15.85,2.0,2,8.79,3.0,3,4.94,1,True.
WY,3,415,391-2159,no,no,0,2.0,1,28.46,1.0,1,12.22,1.0,2,6.3,2.0,2,2.78,0,True.
OR,2,415,406-4100,no,no,0,3.0,1,55.2,3.0,1,20.09,2.0,1,8.44,3.0,2,3.54,0,True.
AL,2,510,347-2016,no,no,0,1.0,1,21.96,2.0,1,18.2,2.0,2,9.67,2.0,2,2.78,5,True.
MS,2,415,388-8948,yes,no,0,1.0,2,21.34,1.0,2,10.96,3.0,3,11.34,1.0,3,1.7,4,True.
SC,2,415,363-8033,no,no,0,3.0,2,45.22,2.0,2,18.24,3.0,2,13.78,3.0,1,3.83,2,True.
NH,2,408,328-9267,no,yes,32,1.0,2,15.3,3.0,2,23.49,2.0,2,8.33,2.0,3,2.32,2,True.
MA,1,415,376-4705,yes,no,0,2.0,3,27.68,2.0,2,19.52,3.0,2,14.97,3.0,2,3.67,0,True.
WY,3,510,366-1084,no,no,0,3.0,2,50.32,2.0,3,19.24,3.0,2,11.11,3.0,3,3.32,0,True.
MI,3,408,348-4660,yes,no,0,1.0,3,21.17,1.0,1,12.0,3.0,3,12.07,2.0,1,3.08,2,True.
UT,3,415,397-6542,no,no,0,3.0,1,48.57,2.0,3,14.24,3.0,2,11.7,2.0,2,2.35,1,True.
CT,2,415,404-4809,no,no,0,3.0,2,46.09,3.0,3,20.18,1.0,2,6.54,1.0,3,2.27,1,True.
MS,2,408,361-7283,no,no,0,1.0,2,18.46,2.0,3,17.84,2.0,3,10.02,1.0,2,2.13,1,True.
MT,2,408,372-4868,no,yes,17,1.0,2,15.27,2.0,1,19.82,1.0,3,7.46,2.0,3,2.51,4,True.
NV,3,415,406-7844,no,no,0,3.0,2,47.48,2.0,2,17.14,3.0,2,12.64,1.0,1,2.13,2,True.
WA,2,415,406-2866,no,no,0,3.0,2,47.07,3.0,2,20.99,3.0,2,11.45,2.0,2,2.78,1,True.
NY,3,408,333-5729,no,no,0,2.0,3,27.78,3.0,2,20.41,1.0,3,7.38,2.0,1,3.13,2,True.
IN,1,510,391-1499,no,no,0,3.0,3,48.86,3.0,3,20.0,3.0,3,13.14,1.0,2,1.35,4,True.
DC,1,408,369-3626,no,no,0,2.0,1,25.33,1.0,1,11.14,3.0,1,10.74,2.0,2,2.32,2,True.
OK,1,408,358-7165,no,no,0,3.0,1,49.1,2.0,2,14.95,2.0,2,9.69,2.0,1,2.57,0,True.
GA,2,415,328-5188,yes,no,0,3.0,3,48.86,3.0,1,22.07,1.0,1,6.89,2.0,2,2.7,1,True.
ND,3,415,378-1936,no,no,0,3.0,3,41.79,3.0,2,24.37,3.0,3,10.83,2.0,3,2.43,1,True.
OH,3,408,380-4374,no,no,0,1.0,2,20.03,2.0,2,16.93,3.0,3,10.98,2.0,2,3.19,0,True.
WY,2,415,387-1116,no,no,0,3.0,2,41.17,2.0,2,19.22,3.0,3,12.09,1.0,2,2.21,5,True.
NC,2,408,384-3413,no,no,0,1.0,3,21.86,2.0,2,18.38,3.0,2,11.49,1.0,1,1.7,6,True.
TX,1,415,396-4254,no,no,0,2.0,2,30.96,1.0,2,11.47,1.0,1,6.85,2.0,2,2.7,5,True.
KY,2,415,333-3010,no,yes,36,2.0,1,28.56,1.0,3,13.87,2.0,3,7.77,1.0,1,2.16,6,True.
OR,2,408,353-3372,no,no,0,3.0,1,43.59,2.0,2,18.23,2.0,1,10.52,1.0,1,2.13,3,True.
CT,3,415,360-2329,no,no,0,3.0,3,39.93,3.0,3,23.02,2.0,2,9.87,3.0,1,3.75,1,True.
MI,3,415,385-1118,yes,no,0,3.0,1,39.7,2.0,1,15.95,1.0,2,5.5,2.0,1,2.59,0,True.
MT,3,415,408-8269,no,yes,35,2.0,3,33.54,1.0,2,11.99,2.0,2,9.54,2.0,2,2.73,2,True.
HI,2,408,413-9328,no,no,0,1.0,2,23.07,2.0,2,17.71,2.0,2,9.4,2.0,2,2.38,7,True.
KS,2,415,335-7144,no,no,0,3.0,1,38.4,3.0,2,23.43,2.0,2,9.06,3.0,2,3.86,3,True.
NY,3,408,406-8995,yes,no,0,1.0,1,20.79,1.0,2,10.1,1.0,2,6.66,3.0,2,3.7,3,True.
MI,2,408,341-9890,yes,no,0,1.0,3,19.57,2.0,1,17.96,1.0,1,6.12,3.0,2,3.73,2,True.
VT,3,408,344-1362,no,no,0,3.0,3,38.74,3.0,1,25.72,2.0,1,8.62,1.0,3,1.49,1,True.
WA,3,415,345-3947,no,no,0,3.0,2,45.24,2.0,1,19.14,2.0,1,10.11,2.0,3,2.4,3,True.
TX,3,408,379-5885,no,no,0,3.0,2,45.34,1.0,2,13.45,3.0,2,12.95,3.0,2,3.73,3,True.
MT,2,510,342-1004,no,yes,35,1.0,2,18.79,2.0,1,17.71,1.0,1,3.93,3.0,1,3.75,4,True.
ME,2,415,405-5513,no,no,0,1.0,2,14.57,2.0,1,18.84,2.0,1,8.58,2.0,2,3.13,4,True.
MN,1,415,348-5728,no,no,0,3.0,1,46.36,2.0,1,19.12,2.0,2,8.02,2.0,2,2.84,2,True.
SC,2,415,345-4589,no,no,0,2.0,2,26.93,2.0,3,15.98,2.0,3,9.89,3.0,2,3.65,4,True.
CO,3,408,349-3005,no,no,0,3.0,3,46.21,3.0,3,20.16,2.0,2,9.45,2.0,1,2.35,4,True.
MD,3,510,411-2977,no,no,0,2.0,3,26.27,2.0,1,18.21,2.0,2,8.01,2.0,1,3.24,3,True.
TX,2,415,417-4456,no,no,0,3.0,2,51.87,2.0,3,15.98,3.0,3,10.59,2.0,2,2.3,0,True.
WV,2,510,421-1326,no,no,0,1.0,2,22.36,2.0,3,14.86,2.0,1,8.29,1.0,1,2.13,5,True.
SD,1,510,359-3423,no,no,0,3.0,2,38.47,3.0,2,23.32,3.0,3,10.92,1.0,2,2.21,2,True.
AR,2,415,385-7157,no,no,0,1.0,2,23.68,2.0,2,16.35,1.0,1,6.8,2.0,2,2.51,7,True.
HI,2,415,385-4766,no,no,0,3.0,2,49.57,2.0,2,18.79,2.0,2,10.31,3.0,3,3.78,2,True.
IA,1,510,389-8417,no,no,0,2.0,3,28.85,1.0,3,12.02,3.0,3,11.39,2.0,2,2.84,4,True.
MT,2,415,341-4873,no,no,0,1.0,2,19.26,2.0,2,16.82,3.0,2,12.8,2.0,1,3.16,4,True.
NC,3,415,394-5489,no,no,0,3.0,2,54.79,2.0,3,19.58,3.0,2,10.87,1.0,2,2.11,2,True.
NH,1,408,393-8762,no,no,0,1.0,3,23.48,1.0,1,13.45,2.0,3,9.71,2.0,1,2.78,5,True.
WA,1,415,366-8939,yes,no,0,2.0,2,35.0,3.0,3,23.58,2.0,3,9.09,2.0,1,2.97,0,True.
ME,1,408,385-5688,no,no,0,3.0,2,37.72,3.0,3,23.65,3.0,1,12.96,1.0,2,1.92,0,True.
AR,3,415,416-3649,yes,no,0,1.0,1,24.34,2.0,3,15.26,2.0,3,7.73,1.0,2,1.67,4,True.
AR,1,415,337-1586,no,no,0,3.0,1,42.08,2.0,2,19.16,3.0,3,10.99,2.0,1,2.75,2,True.
TX,3,415,415-5476,no,no,0,3.0,2,38.4,3.0,1,25.42,3.0,1,11.31,2.0,2,3.02,1,True.
ID,2,415,332-2650,no,no,0,1.0,3,17.6,1.0,2,10.02,2.0,2,9.05,2.0,2,3.24,4,True.
WA,2,510,345-6961,yes,no,0,3.0,2,41.96,2.0,1,17.54,2.0,3,9.38,3.0,2,3.56,0,True.
ID,2,415,346-5992,no,no,0,2.0,3,29.7,1.0,1,12.58,2.0,2,7.57,3.0,2,4.27,6,True.
CT,2,415,402-3908,no,no,0,3.0,1,40.8,1.0,2,11.4,2.0,1,8.51,2.0,1,2.51,0,True.
MS,2,408,345-3787,no,no,0,3.0,2,50.1,3.0,1,25.04,3.0,3,11.7,2.0,2,2.92,1,True.
OH,1,415,369-8574,yes,yes,24,1.0,2,21.37,3.0,2,23.45,2.0,2,9.65,3.0,3,3.83,3,True.
IN,2,415,370-9622,no,no,0,3.0,2,38.49,3.0,1,23.53,2.0,1,9.6,3.0,2,3.32,3,True.
ME,2,510,351-2815,no,no,0,3.0,3,44.97,2.0,2,16.49,3.0,2,11.82,1.0,2,2.03,2,True.
WA,2,510,378-1884,no,no,0,3.0,2,43.37,3.0,2,22.69,2.0,3,8.9,2.0,2,2.38,3,True.
AK,3,415,384-6132,yes,no,0,3.0,3,42.28,2.0,1,14.65,2.0,2,8.64,2.0,1,3.05,1,True.
AR,2,415,338-6714,yes,no,0,1.0,2,20.77,1.0,2,11.19,2.0,2,7.63,2.0,3,2.78,5,True.
NC,2,408,334-6129,yes,yes,44,1.0,3,17.54,3.0,1,20.09,2.0,2,9.16,2.0,1,3.21,0,True.
OK,3,510,377-4975,no,no,0,1.0,2,23.53,1.0,3,13.51,1.0,1,2.13,1.0,3,1.05,4,True.
RI,3,510,411-6823,yes,no,0,3.0,1,48.65,2.0,1,15.91,1.0,3,6.58,2.0,2,2.97,2,True.
ID,2,415,408-1913,no,no,0,3.0,1,45.37,2.0,1,19.52,3.0,2,11.33,2.0,3,2.97,3,True.
WA,2,415,367-5226,no,no,0,3.0,2,49.15,2.0,2,19.87,2.0,3,10.06,3.0,1,3.43,2,True.
MD,3,510,373-7974,no,no,0,3.0,3,50.15,2.0,2,19.01,2.0,2,10.32,3.0,2,3.48,2,True.
AR,2,408,345-3614,no,no,0,1.0,3,18.24,3.0,3,20.25,3.0,3,12.23,2.0,2,2.7,4,True.
KS,3,415,404-5840,no,yes,42,2.0,3,33.92,1.0,2,11.48,2.0,1,8.31,2.0,2,2.94,4,True.
MI,2,510,335-7324,yes,yes,22,2.0,3,29.26,2.0,3,19.01,1.0,2,6.75,3.0,3,3.75,1,True.
CA,2,415,417-1488,no,no,0,3.0,2,47.6,2.0,2,17.19,1.0,2,7.06,2.0,2,2.81,0,True.
IL,1,510,330-7137,yes,no,0,2.0,3,31.64,2.0,3,16.88,2.0,1,9.29,3.0,2,3.73,4,True.
GA,2,510,411-5677,yes,no,0,1.0,2,23.8,2.0,1,16.69,1.0,3,5.4,2.0,2,2.62,4,True.
MD,1,408,409-1856,no,no,0,3.0,2,54.59,3.0,3,22.57,2.0,1,8.12,2.0,1,3.11,4,True.
IN,2,415,362-5899,no,no,0,1.0,3,20.13,3.0,2,21.19,2.0,1,10.22,3.0,2,3.67,5,True.
